{
  "17": 0.44313726,
  "18": 0.5921569,
  "9": 0.19999996,
  "12": 0.05,
  "14": 0.05,
  "16": 0.44313726,
  "23": 0.05
}